Source File	Size	loadResources	load	generateSnapshots	load-configure	scan	loadDepInfo	loadInfo	checkR4R4B	generateNarratives	validate	loadLists	checkConformanceResources	checkConformanceResources2	checkConformanceResources3	generateLogicalMaps	validateExpressions	scanForUsageStats	checkURLsUnique	processProvenanceDetails	translate	generate1	generate2	generateLogicals	makeDependencies	generateExampleZip	generateValidationPack	scanProfilesForR5	scanExamplesForR5
/fsh-generated/resources/ImplementationGuide-ans.fhir.fr.test-logical-model.json	5364	-	0	0	0	0	0	0	12	73	0	0	0	0	0	0	0	1	0	0	12	54	63	0	0	0	2	0	1
fsh-generated/resources/CodeSystem-competence-code-system.json	6332	12	0	0	1	0	0	0	2	15	0	0	1	0	0	0	0	0	0	0	8	38	147	0	0	0	1	0	0
fsh-generated/resources/CodeSystem-type-carte-code-system.json	1020	5	0	0	0	0	0	0	0	4	0	0	1	0	0	0	0	0	0	0	6	14	39	0	0	0	0	0	0
fsh-generated/resources/Patient-frpatient-exemple.json	465	5	0	0	0	0	0	0	0	235	0	0	0	0	0	0	0	0	0	0	4	6	5	0	0	0	0	0	0
fsh-generated/resources/StructureDefinition-ANSPatient.json	7335	15	0	20	0	0	0	0	0	74	0	0	1	0	0	0	0	1	0	0	3	75	630	0	0	0	4	1	1
fsh-generated/resources/StructureDefinition-EyeColor.json	1508	3	0	14	0	0	0	0	0	10	0	0	0	0	0	0	0	0	0	0	0	41	90	0	0	0	2	0	0
fsh-generated/resources/StructureDefinition-fr-patient.json	2386	5	0	75	0	0	0	0	0	37	0	0	1	0	0	0	0	1	0	0	1	150	327	0	0	0	8	0	3
fsh-generated/resources/ValueSet-EyeColorVS.json	681	2	0	0	0	0	0	0	1	946	0	0	0	0	0	0	0	0	0	0	5	8	431	0	0	0	0	0	0
fsh-generated/resources/ValueSet-MeltingPotVS.json	917	2	0	0	0	0	0	0	1	179	0	0	0	0	0	0	0	0	0	0	5	10	242	0	0	0	1	0	0
fsh-generated/resources/ValueSet-ModifiedAdministrativeGender.json	658	1	0	0	0	0	0	0	0	4	0	0	0	0	0	0	0	0	0	0	4	9	37	0	0	0	0	0	0
fsh-generated/resources/ValueSet-TypeCarteVS.json	441	2	0	0	0	0	0	0	0	2	0	0	0	0	0	0	0	0	0	0	4	8	46	0	0	0	0	0	0
/fsh-generated/includes/fsh-link-references.md	503	-	-	-	0	0	0	0	0	0	0	0	0	0	0	0	0	0	0	0	0	0	1	0	0	0	0	0	0
/fsh-generated/includes/menu.xml	1122	-	-	-	0	0	0	0	0	0	0	0	0	0	0	0	0	0	0	0	0	0	0	0	0	0	0	0	0
/input/data/features.yml	164	-	-	-	0	0	0	0	0	0	0	0	0	0	0	0	0	0	0	0	0	0	0	0	0	0	0	0	0
/input/pagecontent/change-log.md	186	-	-	-	0	0	0	0	0	0	0	0	0	0	0	0	0	0	0	0	0	0	0	0	0	0	0	0	0
/input/pagecontent/index.md	3279	-	-	-	0	0	0	0	0	0	0	0	0	0	0	0	0	0	0	0	0	0	1	0	0	0	0	0	0
/template/config	0	-	-	-	0	0	0	0	0	0	0	0	0	0	0	0	0	0	0	0	0	0	0	0	0	0	0	0	0
/template/config/_config.yml	140	-	-	-	0	0	0	0	0	0	0	0	0	0	0	0	0	0	0	0	0	0	0	0	0	0	0	0	0
/input/images	0	-	-	-	0	0	0	0	0	0	0	0	0	0	0	0	0	0	0	0	0	0	0	0	0	0	0	0	0
/input/images/anImage.png	36288	-	-	-	0	0	0	0	0	0	0	0	0	0	0	0	0	0	0	0	0	0	0	0	0	0	0	0	0
/input/images/ci-sis-logo.png	61365	-	-	-	0	0	0	0	0	0	0	0	0	0	0	0	0	0	0	0	0	0	0	0	0	0	0	0	0
/temp/pages/_includes/artifacts.xml	6622	-	-	-	-	-	-	-	-	-	-	-	-	-	-	-	-	-	-	-	-	-	1	0	0	0	0	0	0
